var,I,p_sim,z_norm
sachet_usage_2010,0.3659519727568361,0.002,6.421039435985273
sachet_usage_2013,0.39065289935432895,0.001,4.8230271849858095
sachet_usage_2017,0.42344568105637126,0.001,7.2120068039358
