var,I,p_sim,z_norm
sachet_usage_2010,0.3659519727568361,0.002,5.827301691235092
sachet_usage_2013,0.39065289935432895,0.001,4.749449691309989
sachet_usage_2017,0.42344568105637126,0.001,7.469074196416031
